[
  {
    "Id": "1061057",
    "ThreadId": "448201",
    "Html": "Terrific little tool; thank you.\r<br />\n<br />\nFor what it's worth, it appears that with IIS on Windows 8, the only way we were able to get client certificates to work was to make sure that the SSL binding <em>had</em> a CTL. It doesn't seem to matter what is <em>inside</em> the list; but as long as you are missing one, you'll get 403.16 errors.\r<br />\n<br />\nI wonder if anyone else has seen this behavior...<br />\n",
    "PostedDate": "2013-06-25T11:59:36.287-07:00",
    "UserRole": null,
    "MarkedAsAnswerDate": null
  }
]