[
  {
    "Id": "0",
    "Name": "HttpSysManager 1.0",
    "DevelopmentStatus": "Beta",
    "Description": "*Set Url ACL\n*Bind https endpoint to certificate",
    "ReleasedDatge": "0001-01-01T00:00:00",
    "ModifiedDate": "2012-08-09T05:06:05.287-07:00",
    "Files": [
      {
        "Id": "8226777f-087a-49a6-9161-1df83a086b0f",
        "FileName": "HttpSysManager-bin-1.0.zip",
        "Url": "./0/8226777f-087a-49a6-9161-1df83a086b0f",
        "Type": "Application",
        "UploadDate": "2012-08-09T05:06:05.053-07:00"
      },
      {
        "Id": "2f8c5936-86b8-4714-87e9-3a9033962fb6",
        "FileName": "HttpSysManager-src-1.0.zip",
        "Url": "./0/2f8c5936-86b8-4714-87e9-3a9033962fb6",
        "Type": "Source Code",
        "UploadDate": "2012-08-09T05:06:05.147-07:00"
      }
    ]
  },
  {
    "Id": "1",
    "Name": "HttpSysManager 1.5",
    "DevelopmentStatus": "Beta",
    "Description": "* Can create CTL and bind it to SSL endpoints.\n\nHTTP.SYS does not seems to take the CTL into account, if someone knows why please tell me. Because of a bug in http.sys, you will maybe need to install [url:KB981506|http://support.microsoft.com/kb/981506] to attach a CTL to an SSL binding.",
    "ReleasedDatge": "0001-01-01T00:00:00",
    "ModifiedDate": "2012-08-23T08:30:25.747-07:00",
    "Files": [
      {
        "Id": "0dbbb55c-a2da-4362-a8b7-69f09a5a7e4d",
        "FileName": "HttpSysManager-bin-1.5.zip",
        "Url": "./1/0dbbb55c-a2da-4362-a8b7-69f09a5a7e4d",
        "Type": "Application",
        "UploadDate": "2012-08-23T08:30:25.527-07:00"
      },
      {
        "Id": "7776bf79-180e-4a65-a326-c1cab45c6fe7",
        "FileName": "HttpSysManager-src-1.5.zip",
        "Url": "./1/7776bf79-180e-4a65-a326-c1cab45c6fe7",
        "Type": "Source Code",
        "UploadDate": "2012-08-23T08:30:25.637-07:00"
      }
    ]
  }
]