[
  {
    "Title": "Home",
    "Id": "621890",
    "ParentWikiTitle": "Home",
    "FileExtension": "html",
    "UpdatedDate": "2012-09-01T11:31:30.263-07:00",
    "FileAttachments": [
      {
        "Id": "ff638364-a693-49ea-81c9-e64b857ddcaa",
        "FileName": "httpsysmanager.png",
        "DownloadUri": "./621890/ff638364-a693-49ea-81c9-e64b857ddcaa"
      }
    ]
  },
  {
    "Title": "Documentation",
    "Id": "611836",
    "ParentWikiTitle": "Documentation",
    "FileExtension": "codeplexwiki",
    "UpdatedDate": "2012-08-09T05:18:31.7-07:00",
    "FileAttachments": []
  }
]
